{"t2m": 325.4837341308594, "msl": 108430.8671875, "u10m": 34.456207275390625, "v10m": 37.61301040649414, "u1000": 35.95341873168945, "u925": 55.74516296386719, "u850": 57.068603515625, "u700": 62.47403335571289, "u500": 83.98092651367188, "u250": 119.2408218383789, "v1000": 36.69783020019531, "v925": 61.703094482421875, "v850": 61.97074890136719, "v700": 59.54432678222656, "v500": 80.41673278808594, "v250": 104.57147216796875, "w1000": 12.027145385742188, "w925": 12.556365966796875, "w850": 14.195926666259766, "w700": 18.170019149780273, "w500": 23.350290298461914, "w250": 10.038920402526855, "z1000": 5493.59814453125, "z925": 11000.4658203125, "z850": 17558.44140625, "z700": 32654.23046875, "z500": 59142.55859375, "z200": 124625.0859375, "t1000": 326.3714294433594, "t925": 321.5543518066406, "t850": 316.6293029785156, "t700": 301.09588623046875, "t500": 285.8623962402344, "t100": 243.3773651123047, "q1000": 0.030631616711616516, "q925": 0.025094827637076378, "q850": 0.02299940027296543, "q700": 0.017240697517991066, "q500": 0.009967059828341007, "q100": 4.436284507391974e-05, "tp06": 0.1836116909980774}