{"t2m": 190.68714904785156, "msl": 91563.171875, "u10m": -41.4630126953125, "v10m": -35.92013931274414, "u1000": -39.79793167114258, "u925": -58.45619201660156, "u850": -66.82825469970703, "u700": -61.006805419921875, "u500": -55.76197052001953, "u250": -69.47474670410156, "v1000": -36.5177116394043, "v925": -55.0919189453125, "v850": -55.936492919921875, "v700": -53.18024444580078, "v500": -69.1786117553711, "v250": -98.36532592773438, "w1000": -6.234199047088623, "w925": -9.378058433532715, "w850": -14.728086471557617, "w700": -19.180068969726562, "w500": -23.075439453125, "w250": -16.901153564453125, "z1000": -6866.56494140625, "z925": -873.0474243164062, "z850": 5524.56396484375, "z700": 19814.2421875, "z500": 42841.69140625, "z200": 99689.03125, "t1000": 214.81982421875, "t925": 217.47918701171875, "t850": 214.00636291503906, "t700": 202.0097198486328, "t500": 213.86427307128906, "t100": 176.72293090820312, "q1000": -0.0025864115450531244, "q925": -0.0020713885314762592, "q850": -0.0017936615040525794, "q700": -0.0012956960126757622, "q500": -0.0008684174390509725, "q100": -0.00013288730406202376, "tp06": -0.0026905916165560484}